Original,Replacement
Bash with shield[;]|do [shield]<myshield> damage,[shield]ğŸ‘Š|do [shield]<myshield> damage
Bash with shield[;] do [shield]<myshield>|damage[;] but lose all shield,[shield]ğŸ‘Š|do [shield]<myshield> damage|lose all shield
Reduce health to [heart]1,[heart]â–¶1
Ignore shields,[shield]ğŸ¤·
Ignore Shields,[shield]ğŸ¤·
Silence Enemy,Silence Enemy
Do [sword]2 damage|Silence Enemy,Do [sword]2 damage|Silence Enemy
All equipment is|reuseable this turn,All equipment ğŸ”ğŸ– this turn
If enemy rolls <d6>[;]|that dice is locked,If enemy rolls <d6>|ğŸ‘‰â†— dice is [lock]
Split a dice in three,ğŸªš[dice]â–¶ï¸[dice][dice][dice]
Survive the next fatal|blow (Doesn't stack),Survive the next fatal blow|â›”ğŸ“š
Takes final [heart]5 hp|from vampires,ğŸ§›â€â™‚â–â­[heart]5
Do [sword]30 damage|(to vampires),ğŸ“¤[sword]30ğŸ¤•ğŸ§›â€â™‚
Mysterious old staff|Inflict [poison]??? poison,ğŸ•µï¸ğŸ‡|ğŸ“¤[poison]â“â“â“
Mysterious shield|Add [shield]??? shield,ğŸ•µï¸[shield]|â•[shield]â“â“â“
Very mysterious,ğŸ•µï¸ğŸ•µï¸
Contents upgraded,ğŸ§°ğŸ› â•
Run away!,ğŸšªğŸƒ
Discharge [sword]<charge> damage|Take damage to charge,ğŸ“¤ğŸ”‹[sword]<charge>ğŸ¤•|ğŸ“¥ğŸ¤•â¡ï¸â•
Discharge[;] but do|zero damage,ğŸ“¤ğŸ”‹|0ğŸ¤•
Split a dice into 1s,ğŸªš[dice]â–¶ï¸[dice]1
Use an additional|Jackpot ability,ğŸ‰â¡ï¸ğŸ›ğŸ›
Use all additional|Jackpot abilities,ğŸ‰â¡ï¸â™¾ğŸ›
Do [sword]<dicetotal> damage|[gray](equal to total roll),ğŸ“¤[sword]<dicetotal>ğŸ¤•|â•â™¾[dice]roll
Unlocks Keyblade[;]|return the dice,ğŸ“¥ğŸ”‘ğŸ—¡|return the dice
Unlocks Keyblade+[;]|return the dice,ğŸ“¥ğŸ”‘ğŸ—¡â•|return the dice
Transform into a bear[;]|recover [heal]12 health,ğŸ“¥ğŸ»ğŸ‘—|recover [heal]12 health
Transform into a bear,ğŸ“¥ğŸ»ğŸ‘—
Create a random|crystal weapon,ğŸ“¥â“ğŸ’ğŸ› 
Inflict [shock] shock[;]|[fire] burn[;] and [ice] freeze,Inflict [shock] shock [fire] burn and [ice] freeze
Warrior Smash|[sword]<var:bopcount> dmg[;] +1 per bop,âš”ğŸ§‘ğŸ’”|[sword]<var:bopcount> dmg[;] +1 per ğŸ¤›
Pea Gun|Do [sword]3 damage,ğŸŸ¢ğŸ¤¾|Do [sword]3 damage
Warrior Charge|Add 3 to Kapow damage,âš”ï¸ğŸ§‘ğŸƒ|ğŸ’¥ğŸ¤•â•3
Yoink|Borrow equipment,âï¸|Borrow equipment
Snake Eyes|Roll 2 ones,ğŸğŸ‘€|Roll 2 ones
Black Market|Rent a powerful item|Costs [gold]1[;] you have [gold]<gold>,âš«ğŸ›’|ğŸ“¥ğŸ‘ğŸ› ğŸ‘‰âŒ›|â–[gold]1â†™[gold]<gold>
Slot Machine|Get random equipment,ğŸ°|Get random equipment
Regenerate|Heal [heal]3 health,[heal]|Heal [heal]3 health
Power Surge|Add +1 to all dice|less than six,ğŸ”Œ[shock]|Add +1 all dice â¤µï¸5
Magic Trick|Discard current hand,ğŸª„|ğŸ‘ğŸ› ğŸ› ğŸ› 
Magic Dice|Roll an extra dice,ğŸª„[dice]|Roll an extra dice
Multicard!|Add an extra card to|your hand (this turn),ğŸ› ğŸ› ğŸ› ğŸ› |ğŸ“¥ğŸ› ğŸ“® this turn
Inspiration|Copy next card,â˜ï¸ğŸ˜€|â©ğŸ› â–¶ğŸ› ğŸ› 
Barricade|Shield +[shield]3,ğŸš§|Shield +[shield]3
Random Access|Copy a random item|from your deck,â“ğŸ–¥|â“ğŸ—ƒğŸ› â–¶ğŸ› ğŸ› 
After the battle[comma] keep|one piece of equipment,â­ğŸ‘‰âš”ğŸ“¥â†—ï¸ğŸ› 
After the battle[comma] keep[newline]one piece of equipment,â­ğŸ‘‰âš”ğŸ“¥â†—ï¸ğŸ› 
After the battle[comma] keep[newline]one piece of equipment[newline][gray](activated),â­ğŸ‘‰âš”ğŸ“¥â†—ï¸ğŸ› |â›”ğŸ–ğŸ‘‰âš”
Add a Juggling Ball to|your deck for this fight,ğŸ—ƒğŸ“¥ğŸ¤¹ğŸ‘‰âš”
Permanently delete the|first card in your hand,ğŸ—‘ï¸first item
Do [sword]<d6> damage[;] double|if your health is below 50%,Do [sword]<d6> damage|[heart]â›”â¤´ğŸ“Šâ—2â¡2âœ–ï¸damage
Do [sword]<double> damage[;] can|only use on even turns,Do [sword]<double> damage|use even turns
Do [sword]<double> damage[;] can|only use on odd turns,Do [sword]<double> damage|use odd turns
Do [sword]<d6> damage[;] lock|enemy dice that roll <d6>,Do [sword]<d6> damage|lock enemy dice roll<d6>
On 1: Do [sword]<var_tempparticleacceleratorkludge:particleaccelerator> damage|on 2-6: Double damage,[dice]1â¡ Do [sword]<var_tempparticleacceleratorkludge:particleaccelerator> damage|[dice]23456â¡ Double damage
Double damage|(currently at [sword]<var_tempparticleacceleratorkludge:particleaccelerator>),Double damage|ğŸ‘‰ğŸ¤•[sword]<var_tempparticleacceleratorkludge:particleaccelerator>
[90%]Even turns: [sword]<eventurn_d6> damage|[90%]Odd turns: [shield]<oddturn_d6> shield,Even turns: [sword]<eventurn_d6> damage|Odd turns: [shield]<oddturn_d6> shield
Keep the next dice you|use[;] and return this dice,ğŸ“¥â©[dice]ğŸ–|and return this dice
Reroll the dice[;] get a|higher value than before,ğŸ“¥[dice]â›”â¤µğŸ‘‰[dice]
Reroll with higher value|[gray](Reuseable),ğŸ“¥[dice]â›”â¤µğŸ‘‰[dice]|
First dice value +1|Second dice value -1,ğŸ‘‰ğŸ“®ğŸ“®[dice]value +1|ğŸ“®ğŸ“®ğŸ‘ˆ[dice]value -1
Do 2x[shield]<myshield> damage[;]|but depletes your shield,ğŸ“¤2âœ–[shield]<myshield>ğŸ¤•|â›”[shield]
Do [sword]<d6> damage[;]|on 1[;] gain [reduce]1 instead,[dice]1â¡gain [reduce]1|â›”1â¡Do [sword]<d6> damage
Do [sword]<d6> damage[;]|on 1[;] gain [reduce]2 instead,[dice]1â¡gain [reduce]2|â›”1â¡Do [sword]<d6> damage
Repeat next action[;] but|disable it next turn,next ğŸ– repeat this turn â›”ğŸ–â© turn
Weaken if you use 6[;] then|do [weaken]<d6> damage,ğŸ–6â¡[weaken]|do [weaken]<d6> damage
Contains a powerful item,ğŸ£ğŸ‘ğŸ› 
Contains a bigger|powerful item,ğŸ£â¬†ğŸ‘ğŸ› 
Contains a powerful item|Keep going!,ğŸ£ğŸ‘ğŸ› |â—ğŸ”ğŸ–
Contains a terrible item|(Always offered as scrap),ğŸ£ğŸ‘ğŸ› |Always offered as scrap
Contents are even worse|(Always offered as scrap),ğŸ£ğŸ‘ğŸ‘ğŸ› |Always offered as scrap
Do [sword]<double> damage|(Slots shrink on each roll),Do [sword]<double> damage|â–ğŸ“®â™¾[dice]roll
Freeze all of your|own dice,Freeze allâ†™dice
Do [sword]2 damage for each|unused dice ([sword]<doubleunassigneddice> total),Do [sword]2 damageâ™¾â›”ğŸ–[dice]|ğŸ‘‰[sword]<doubleunassigneddice>
[sword]2 per unused dice ([sword]<doubleunassigneddice>)|[gray](Reuseable),Do [sword]2 damageâ™¾â›”ğŸ–[dice]|ğŸ‘‰[sword]<doubleunassigneddice>
Do [sword]1 damage for each|unused dice ([sword]<unassigneddice> total),Do [sword]1 damageâ™¾â›”ğŸ–[dice]|ğŸ‘‰[sword]<unassigneddice>
Change jackpot abilities|[gray](Reuseable),rollğŸ‰ğŸ›ï¸|
Return two of the|difference between dice,â†ª[dice][dice]|ğŸ”¢[dice]â–[dice]
Return three of the|difference between dice,â†ª[dice][dice][dice]|ğŸ”¢[dice]â–[dice]
Return the difference|between the dice,â†ª[dice]|ğŸ”¢[dice]â–[dice]
[sword]<d6>[;] return difference|[gray](Reuseable),[sword]<d6>|return ğŸ”¢[dice]â–[dice]|
Undo turn[;] take it again,ğŸ—‘ï¸ğŸ‘‰âŒ›ğŸ”âŒ›
Undo this turn[;] and take it again,ğŸ—‘ï¸ğŸ‘‰âŒ›ğŸ”âŒ›
Undo turn[;] take it again[;]|immune to errors,ğŸ—‘ï¸ğŸ‘‰âŒ›ğŸ”âŒ›|immune to errors
Double the success odds|of chance based items,2âœ–ğŸ€â™¾ï¸ğŸª™ğŸ› 
Chance based items|work 100% of the time,ğŸª™ğŸ› ğŸ€â™¾ï¸ğŸ–
The next roll won't|exceed the CPU target,â©[dice]rollâ¤µğŸ‰
Split a dice evenly,ğŸªš[dice]âš–
Dice value -1. On 1[;]|instead return two 1s,[dice]1â¡â†ª[dice][dice]1|â›”1â¡[dice]ğŸ”¢â–1
Dice value -1. On 1[;]|instead return two dice,[dice]1â¡â†ª[dice][dice]|â›”1â¡[dice]ğŸ”¢â–1
Permanently upgrade the|first card in your hand|[gray](once per battle),first itemâ•[gray](once per battle)
Do [sword]9 damage[;]|+1 dice this fight,Do [sword]9 damage|+1 dice this fight
Do [sword]<var_tempkapowkludge:kapowcount> damage[;] +1 for|each kapow used this turn,Do [sword]<var_tempkapowkludge:kapowcount> damage|â•1â™¾ğŸ’¥ used this turn
Do [sword]<var_tempkapowkludge:kapowcount> damage[;] +2 for|each kapow used this turn,Do [sword]<var_tempkapowkludge:kapowcount> damage|â•2â™¾ğŸ’¥ used this turn
Increase Kapow counter,â•ğŸ’¥ğŸ”¢
Do [sword]<d6> damage[;]|quadruple if you are cursed,Do [sword]<d6> damage[;]|â†™[curse]â¡4âœ–
Do [sword]3 damage[;] snap 3|at once to gain [fury]Fury,Do [sword]3 damage|ğŸ¤3ğŸ˜ âš”ï¸â¡gain [fury]Fury
Make unavailable cards|available[;] return dice,ğŸ¤·ğŸ› â¡â›”ğŸ¤·|return dice
Get a new dice[;] on 6|get +1 dice this fight,Get a new dice| on 6|get +1 dice this fight
Do [sword]1 damage for each|[mana]1 mana you have,Do [sword]1 damage each [mana]1 manaâ†™
Place two copies of the|next spell you cast,ğŸ“¥2ğŸ› â©ğŸ““ğŸ–
Consume spell in slot <d6>|to do [sword]<quadruple> damage,ğŸ—‘ğŸ““ğŸ“®<d6>|do [sword]<quadruple> damage
Consume spell in slot <d6>|to do [sword]<quintuple> damage,ğŸ—‘ğŸ““ğŸ“®<d6>|do [sword]<quintuple> damage
Double dice value|(Cost [mana]1[]: instead[;] triple),Double dice value|(Cost [mana]1[]: triple)
Get 2x<d6>s next turn|(If [mana]>=5: get 3 instead),Get [dice][dice]<d6>s next turn|If [mana]>=5: get 3x
Get 4x<d6>s next turn|(If [mana]>=5: get 6 instead),Get [dice][dice][dice][dice]<d6>s next turn|If [mana]>=5: get 6
Replace the spell in slot <slotdoubles>|with a random spell,ğŸ““ğŸ“®<slotdoubles>â“ğŸ› 
Replace the spell in slot <d6>|with a random spell,ğŸ““ğŸ“®<d6>â“ğŸ› 
Replace the spell in slot 1|with a random spell,ğŸ““ğŸ“®1â“ğŸ› 
Do [sword]<d6> damage[;]|gain [mana]2 mana on 2 or less,Do [sword]<d6> damage[;]|[dice]â¤µ2â¡ gain [mana]2 mana
Split a dice as|evenly as possible,ğŸªš[dice]âš–
Split a six evenly,ğŸªš[dice]6âš–
Split a dice unevenly,ğŸªš[dice]â›”âš–
Split a dice unevenly|[gray](Reuseable),ğŸªš[dice]â›”âš–|
Flip a dice upside down[;]|duplicate the flipped dice,Flip a dice upside down|ğŸ‘‰[dice]â–¶[dice][dice]
Duplicate one dice[;]|return the other,ğŸ‘‰ğŸ“®ğŸ“®[dice]â–¶[dice][dice]|returnğŸ“®ğŸ“®ğŸ‘ˆ[dice]
Do [sword]1. If this is the final|blow[;] gain [heal] 2 max hp,Do [sword]1|â†—ï¸âš°â¡[heart]ğŸ“Šgain [heal] 2
Do [sword]<d6> damage[;] if|enemy hp is full[;] do double,Do [sword]<d6> damage|â†—ï¸[heart]â¤´[heart]ğŸ“Šâ¡double
Self inflict [fire]1 burn|(Always offered as scrap),ğŸ“¥[fire]1 burn|Always offered as scrap
Do [sword]20 damage|At max level,Do [sword]20 damage|â¬†ğŸ’ª
Get a temporary gadget|[gray](once per battle),ğŸ“¥ğŸ›ï¸ğŸ‘‰âš”[gray](once per battle)
Do [sword]<d6> damage|to both enemy and you,Do [sword]<d6> damage enemy and you
Multiply dice together[;]|do that much damage,ğŸ“¤[dice]ğŸ”¢âœ–[dice]ğŸ”¢ğŸ¤•
Do [sword]<d6> damage[;]|on 6[;] reactivate gadget,Do [sword]<d6> damage|on 6|ğŸ›ï¸â•1ğŸ–
Do [sword]<d6> damage[;]|blind all dice,Do [sword]<d6> damage[;]|[blind] all dice
Issue commandments,ğŸ“¤ğŸ“œ
Issue commandments[;]|curse yourself,ğŸ“¤ğŸ“œ|ğŸ“¥[curse]
Do [sword]<triple> damage[;] if|enemy has any shield[;] miss,Do [sword]<triple> damage|if enemy has any shield|â›”ğŸ¤•
Do [sword]<quadruple> damage[;] if|enemy has any shield[;] miss,Do [sword]<quadruple> damage|if enemy has any shield|â›”ğŸ¤•
Do [sword]<double> damage[;] if|enemy has any shield[;] miss,Do [sword]<double> damage|if enemy has any shield|â›”ğŸ¤•
Do [sword]<triple>[;] plants|take only [sword]1 damage,Do [sword]<triple>| ğŸŒ¿â¡[sword]1 damage
Do [sword]<quadruple>[;] plants|take only [sword]1 damage,Do [sword]<quadruple>| ğŸŒ¿â¡[sword]1 damage
Do [sword]<d6>[;] plants|take only [sword]1 damage,Do [sword]<d6>| ğŸŒ¿â¡[sword]1 damage
Do [sword]<triple>[;] hat wearers|take only [sword]1 damage,Do [sword]<triple>| ğŸ©â¡[sword]1 damage
Do [sword]<quadruple>[;] hat wearers|take only [sword]1 damage,Do [sword]<quadruple>| ğŸ©â¡[sword]1 damage
Do [sword]<d6>[;] hat wearers|take only [sword]1 damage,Do [sword]<d6>| ğŸ©â¡[sword]1 damage
Do [sword]<triple>[;] green things|take only [sword]1 damage,Do [sword]<triple>| ğŸŸ¢â¡[sword]1 damage
Do [sword]<quadruple>[;] green things|take only [sword]1 damage,Do [sword]<quadruple>| ğŸŸ¢â¡[sword]1 damage
Do [sword]<d6>[;] green things|take only [sword]1 damage,Do [sword]<d6>| ğŸŸ¢â¡[sword]1 damage
Do [sword]<triple>[;] sword|holders take only [sword]1,Do [sword]<triple>| [sword]â¡[sword]1
Do [sword]<quadruple>[;] sword|holders take only [sword]1,Do [sword]<quadruple>| [sword]â¡[sword]1
Do [sword]<d6>[;] sword|holders take only [sword]1,Do [sword]<d6>| [sword]â¡[sword]1
Do [sword]<triple>[;] shield|holders take only [sword]1,Do [sword]<triple>| [shield]â¡[sword]1
Do [sword]<quadruple>[;] shield|holders take only [sword]1,Do [sword]<quadruple>| [shield]â¡[sword]1
Do [sword]<d6>[;] shield|holders take only [sword]1,Do [sword]<d6>| [shield]â¡[sword]1
Do [sword]<triple>[;] spear|holders take only [sword]1,Do [sword]<triple>| ğŸ¤ºâ¡[sword]1
Do [sword]<quadruple>[;] spear|holders take only [sword]1,Do [sword]<quadruple>| ğŸ¤ºâ¡[sword]1
Do [sword]<d6>[;] spear|holders take only [sword]1,Do [sword]<d6>| ğŸ¤ºâ¡[sword]1
Do [sword]<triple>[;] animals|take only [sword]1 damage,Do [sword]<triple>| ğŸ„â¡[sword]1 damage
Do [sword]<quadruple>[;] animals|take only [sword]1 damage,Do [sword]<quadruple>| ğŸ„â¡[sword]1 damage
Do [sword]<d6>[;] animals|take only [sword]1 damage,Do [sword]<d6>| ğŸ„â¡[sword]1 damage
Do [sword]<triple>[;] things that|can float take only [sword]1,Do [sword]<triple>| ğŸˆï¸â¡[sword]1
Do [sword]<quadruple>[;] things that|can float take only [sword]1,Do [sword]<quadruple>| ğŸˆï¸â¡[sword]1
Do [sword]<d6>[;] things that|can float take only [sword]1,Do [sword]<d6>| ğŸˆï¸â¡[sword]1
Do [sword]<triple>[;] things with|eyewear take only [sword]1,Do [sword]<triple>| ğŸ‘“â¡[sword]1
Do [sword]<quadruple>[;] things with|eyewear take only [sword]1,Do [sword]<quadruple>| ğŸ‘“â¡[sword]1
Do [sword]<d6>[;] things with|eyewear take only [sword]1,Do [sword]<d6>| ğŸ‘“â¡[sword]1
Do [sword]<triple>[;] bosses|take only [sword]1 damage,Do [sword]<triple>| ğŸ‘‘â¡[sword]1 damage
Do [sword]<quadruple>[;] bosses|take only [sword]1 damage,Do [sword]<quadruple>| ğŸ‘‘â¡[sword]1 damage
Do [sword]<d6>[;] bosses|take only [sword]1 damage,Do [sword]<d6>| ğŸ‘‘â¡[sword]1 damage
Do [sword]<triple>[;]  level 1|monsters take only [sword]1,Do [sword]<triple>|  ğŸ’ª1â¡[sword]1
Do [sword]<quadruple>[;]  level 1|monsters take only [sword]1,Do [sword]<quadruple>|  ğŸ’ª1â¡[sword]1
Do [sword]<d6>[;]  level 1|monsters take only [sword]1,Do [sword]<d6>|  ğŸ’ª1â¡[sword]1
Do [sword]<triple>[;] firey things|take only [sword]1 damage,Do [sword]<triple>| [fire]â¡[sword]1 damage
Do [sword]<quadruple>[;] firey things|take only [sword]1 damage,Do [sword]<quadruple>| [fire]â¡[sword]1 damage
Do [sword]<d6>[;] firey things|take only [sword]1 damage,Do [sword]<d6>| [fire]â¡[sword]1 damage
Do [sword]<triple>[;] poison|things take only [sword]1,Do [sword]<triple>| [poison]â¡[sword]1
Do [sword]<quadruple>[;] poison|things take only [sword]1,Do [sword]<quadruple>| [poison]â¡[sword]1
Do [sword]<d6>[;] poison|things take only [sword]1,Do [sword]<d6>| [poison]â¡[sword]1
Do [sword]<triple>[;] machines|take only [sword]1 damage,Do [sword]<triple>| ğŸ–¨â¡[sword]1 damage
Do [sword]<quadruple>[;] machines|take only [sword]1 damage,Do [sword]<quadruple>| ğŸ–¨â¡[sword]1 damage
Do [sword]<d6>[;] machines|take only [sword]1 damage,Do [sword]<d6>| ğŸ–¨â¡[sword]1 damage
Do [sword]<triple>[;] magic users|take only [sword]1 damage,Do [sword]<triple>| ğŸª„â¡[sword]1 damage
Do [sword]<quadruple>[;] magic users|take only [sword]1 damage,Do [sword]<quadruple>| ğŸª„â¡[sword]1 damage
Do [sword]<d6>[;] magic users|take only [sword]1 damage,Do [sword]<d6>| ğŸª„â¡[sword]1 damage
Do [sword]<triple>[;] winged|creatures take only [sword]1,Do [sword]<triple>| ğŸ¦‹â¡[sword]1
Do [sword]<quadruple>[;] winged|creatures take only [sword]1,Do [sword]<quadruple>| ğŸ¦‹â¡[sword]1
Do [sword]<d6>[;] winged|creatures take only [sword]1,Do [sword]<d6>| ğŸ¦‹â¡[sword]1
Do [sword]<triple>[;] dice|people take only [sword]1,Do [sword]<triple>| [dice]âš”ï¸â¡[sword]1
Do [sword]<quadruple>[;] dice|people take only [sword]1,Do [sword]<quadruple>| [dice]âš”ï¸â¡[sword]1
Do [sword]<d6>[;] dice|people take only [sword]1,Do [sword]<d6>| [dice]âš”ï¸â¡[sword]1
Do [sword]<triple>[;] creatures|with more than four limbs|take only [sword]1 damage,Do [sword]<triple>| â¤´ï¸5ğŸ¦µâ¡[sword]1 damage
Do [sword]<quadruple>[;] creatures|with more than four limbs|take only [sword]1 damage,Do [sword]<quadruple>| â¤´ï¸5ğŸ¦µâ¡[sword]1 damage
Do [sword]<d6>[;] creatures|with more than four limbs|take only [sword]1 damage,Do [sword]<d6>| â¤´5ğŸ¦µâ¡[sword]1 damage
Do [sword]<triple>[;] if target has|[heart]6 or less[;] take only [sword]1,Do [sword]<triple>| â¤µï¸[heart]6â¡[sword]1
Do [sword]<quadruple>[;] if target has|[heart]6 or less[;] take only [sword]1,Do [sword]<quadruple>| â¤µï¸[heart]6â¡[sword]1
Do [sword]<d6>[;] if target has|[heart]6 or less[;] take only [sword]1,Do [sword]<d6>| â¤µï¸[heart]6â¡[sword]1
Do [sword]<triple>[;] if target has|full health[;] take only [sword]1,Do [sword]<triple>| [heart]â¤´[heart]ğŸ“Šâ¡[sword]1
Do [sword]<quadruple>[;] if target has|full health[;] take only [sword]1,Do [sword]<quadruple>| [heart]â¤´[heart]ğŸ“Šâ¡[sword]1
Do [sword]<d6>[;] if target has|full health[;] take only [sword]1,Do [sword]<d6>| [heart]â¤´[heart]ğŸ“Šâ¡[sword]1
Switch Fighter|[gray](Once per turn)[],â†”âš”|[gray]1ğŸ–â™¾ï¸âŒ›[]
Select,ğŸ™‹
Increase and reset all dice|[gray](Current uptick: 1),â•1ğŸ”â™¾[dice]|ğŸ‘‰ğŸš1
Increase and reset all dice|[gray](Current uptick: 2),â•1ğŸ”â™¾[dice]|ğŸ‘‰ğŸš2
Increase and reset all dice|[gray](Current uptick: 3),â•1ğŸ”â™¾[dice]|ğŸ‘‰ğŸš3
Increase and reset all dice|[gray](Current uptick: 4),â•1ğŸ”â™¾[dice]|ğŸ‘‰ğŸš4
Increase and reset all dice|[gray](Current uptick: 5),â•1ğŸ”â™¾[dice]|ğŸ‘‰ğŸš5
Reset uptick to 1|[gray](Current uptick: 6),ğŸš1|ğŸ‘‰ğŸš6
Do [sword]3 damage[;]|reroll with lower value,Do [sword]3 damage|reroll â›”â¤´ value
Do [sword]4 damage[;]|reroll with lower value,Do [sword]4 damage|reroll â›”â¤´ value
Change the weather[;]|recover [heal]3 health,â†”ï¸ğŸŒ§ï¸|recover [heal]3 health
Change the weather[;]|recover [heal]6 health,â†”ğŸŒ§ï¸|recover [heal]6 health
Change the weather,â†”ï¸ğŸŒ§ï¸
Do [sword]<d6> damage[;]|on 4[;] you can re-use this,Do [sword]<d6> damage|on 4|ğŸ‘‰ğŸ› ï¸â•1ğŸ–
Do [sword]<d6> damage[;]|on 5[;] you can re-use this,Do [sword]<d6> damage|on 5|ğŸ‘‰ğŸ› ï¸â•1ğŸ–
Replace the spell in slot <slotdoubles>|with the unexpected spell,ğŸ““ğŸ“®<slotdoubles>â–¶ğŸ‘‰â“ğŸ› ï¸
Replace the spell in slot <d6>|with the unexpected spell,ğŸ““ğŸ“®<d6>â–¶ğŸ‘‰â“ğŸ› ï¸
Replace the spell in slot 1|with the unexpected spell,ğŸ““ğŸ“®1â–¶ğŸ‘‰â“ğŸ› ï¸
Shred a big dice into|other[;] smaller dice,ğŸªšâ¬†ï¸[dice]â–¶â¬‡[dice]
Self inflict [ice]1 freeze|(Always offered as scrap),ğŸ“¥[ice]1 freeze|Always offered as scrap
Self inflict [ice]2 freeze|(Always offered as scrap),ğŸ“¥[ice]2 freeze|Always offered as scrap
Reduce health in half,[heart]â—2
Lock dice that roll <d6>|[gray](Reuseable),Lock dice roll <d6>|
Split a dice in two|On six[;] split into three,Split a dice in two|On six|ğŸªš[dice]â–¶ï¸[dice][dice][dice]
Reduce the countdowns|on all equipment to zero,all countdownsâ–¶0
Split a dice into 1s[;]|and roll an extra 1,ğŸªš[dice]â–¶[dice]1|and roll an extra 1
[sword]1 damage[;] bump dice|[gray](Reuseable),[sword]1 damage|diceğŸ”¢â•1|
Inflict [poison]1 poison[;] roll a|dice with value 3 or more,Inflict [poison]1 poison| roll a dice ğŸ”¢â¤´ï¸3
Inflict [shock] shock[;]|[fire] burn[;] or [ice] freeze,Inflictâ“[shock] shock[fire] burn[ice] freeze
Roll two dice that|add up to six,Roll two dice|ğŸ”¢â•ğŸ”¢six
Reduce CPU by a quarter,â–ğŸ–¥â—4
50% chance of either|curse or good luck,ğŸª™ğŸ™†â¡curse|ğŸª™â›”ğŸ™†â¡ğŸ€
Increase [shield] shield|by 25 percent,â•[shield]â—4
Get a new dice[;] on even|get +1 dice this fight,Get a new dice|on even|get +1 dice this fight
Do [sword]1 damage[;] reroll dice|(If [mana]>=6: return 5 or 6),Do [sword]1 damage reroll dice|If [mana]>=6:â“[dice]5[dice]6
Do [sword]1 damage[;] reroll dice|(If [mana]>=4: return 5 or 6),Do [sword]1 damage reroll dice|If [mana]>=4:â“[dice]5[dice]6
Do [sword]1 damage[;] reroll dice|(If [mana]>=8: return 5 or 6),Do [sword]1 damage reroll dice|If [mana]>=8:â“[dice]5[dice]6
Do [sword]<d6> damage[;]|gain [mana]2 mana on 4 or less,Do [sword]<d6> damage|if [dice]â¤µ4|gain [mana]2 mana
[sword]<d6>[;] reduce counts by <d6>|[gray](Reuseable),[sword]<d6>|reduce ğŸ§® by <d6>|
Do [sword]1 damage[;]|four times,ğŸ”4 Do [sword]1 damage
Self inflict [fire]2 burns|(Always offered as scrap),ğŸ“¥[fire]2 burn|Always offered as scrap
Do [sword]<double> damage|to both enemy and you,Do [sword]<double> damage enemy and you
Do [sword]<d6> damage[;] if|enemy hp is full[;] do triple,Do [sword]<d6> damage| enemy [heart]â¤´ï¸[heart]ğŸ“Šâ¡triple
Do [sword]<d6> damage[;] if|enemy hp is full[;] do +[sword]3,Do [sword]<d6> damage| enemy [heart]â¤´ï¸[heart]ğŸ“Šâ¡+[sword]3
Reduce health by one third,â–[heart]â—3
Reuse all equipment,all equipmentğŸ”ğŸ–
Get more dice,Getâ™¾ï¸dice
All dice become 6,All dice â–¶ 6
Keep dice after attack,attackâ¡Keep dice
Reuse next equipment,[recycle]next equipment
Evade next attack,[dodge] next attack
[]-1 to all dice,all diceğŸ”¢-1
[]+1 to all dice,all diceğŸ”¢+1
Flee Immediately,ğŸšªğŸ‘‰ğŸ–
Duplicate all dice,all diceâ–¶[dice][dice]
Internal function when robot clicks roll,
Roll one more dice,Roll â• one dice
Jackpot guaranteed,JackpotğŸ‘‰âŒ›
Copy first card twice,â®ğŸ› â–¶ğŸ› ğŸ› ğŸ› 
Split a random dice,ğŸªša random dice
Discard current hand,ğŸ‘ğŸ› ğŸ› ğŸ› 
Copy the next card,nextğŸ› â–¶ğŸ› ğŸ› 
Matching cards can be used for free this turn,ğŸ§¦ğŸ› ğŸ–â›”[dice]this turn
Set all dice to the same random value,Set all dice to ğŸ§¦ random value
Double next action[;] but that equipment cannot be used next turn.,nextğŸ› ğŸ–ğŸ–ğŸ‘‰turnâ›”used next turn
Roll between 2 and 5 extra 1s,roll 2â–5 1s
Swap all equipment,â†•all equipment
Reduce by [reduce]2,[reduce]2
Gain [recycle]1 re-equip,Gain [recycle]1
Copy a random dice,random diceâ–¶[dice][dice]
Roll three dice at the current uptick value,Roll three dice ğŸ‘‰ ğŸš value
Turns the highest dice rolled into a 1.,â¬†[dice]rollâ–¶1
Sets the next dice on fire. Costs [heart]2[] hp to extinguish.,ğŸ–â©[dice]â¡Costs [heart]2 hp
Temporarily disables random equipment.|Can use a dice to unshock.,random equipmentğŸ¤·|Can use a diceâ¡ğŸ—‘ï¸[shock]
Temporarily weakens random equipment.|Equipment becomes less powerful.,random equipmentâ–|EquipmentğŸ‘
Cannot use special character skills or limit breaks.,â›”useğŸ¦¸ğŸŒŸ
Avoid the next attack.,next attackâ›”
Cannot see the dice values.,â›”ğŸ‘€dice values
Lose [heart]<value> health at the start of turn. Pierces shields.,Lose [heart]<value> healthâ™¾turn|ğŸ¤·[shield]
The next equipment will be used twice.,The next equipmentğŸ–ğŸ–
The next equipment you use can be used again on this turn.,The next equipment you use this turnâ•1ğŸ–
Take less damage from every attack this turn.,subtract damage every attack this turn
All equipment becomes reusable.,All equipment ğŸ”ğŸ–
Too many dice.,ğŸ“¥â™¾[dice]
Next attack ignores shield.,Next attackğŸ¤·shield
All equipment has a 50% chance to fail.|Disappears once triggered.,All equipment has a 50% chance to ğŸ˜|ğŸ–â¡â–[curse]
Equipment is mixed-up and obscured this turn.,Equipment ğŸ¤¹|â›”ğŸ‘€ğŸ›  this turn
Blocks incoming damage.,â–damage
Can only be killed with a wooden stake.,â›”ğŸªµğŸ“Œâ¡â›”âš°
Stash some dice for next turn.,ğŸ“¥dice next turn
Enemy takes [sword]<value> damage if they attack this turn.|(1 for each [thorns] thorn.),â†—ğŸ“¤ğŸ¤•ğŸ‘‰âŒ›â¡â†—ğŸ“¥<value>ğŸ¤•|1ğŸ¤•each [thorns]
Items that depend on luck have a higher chance to succeed.,ğŸª™ğŸ› â¬†ğŸ€
Items that depend on luck work 100% of the time.,ğŸª™ğŸ› ğŸ€â™¾ğŸ–
If you exceed the CPU target[;] reduce CPU by the excess.,CPUâ›”â¤µğŸ‰â¡â–ğŸ‘‰CPU
When you use equipment[;] increase CPU by <value>.,use equipmentâ¡increase CPU by <value>
The next roll won't exceed the CPU target.,The next rollâ¤µğŸ‰
Mana is used to grant bonus powers on certain cards.|Disappears at the end of the fight.,ğŸ–[mana]â¡ğŸ› ğŸ‘|â–â™¾[mana]â­ğŸ‘‰fight
Place two copies of the next spell you cast.,ğŸ“¥2ğŸ› â©ğŸ““ğŸ–
Burning dice can be used on equipment[;] but will disable that|equipment for the rest of the turn[;] and for the next turn.,Burning dice usedâ¡equipmentğŸ¤·ğŸ‘‰turn next turn
Temporarily disables random equipment.|Costs [heart]3[] hp to unshock.,random equipmentğŸ¤·|Costs [heart]3 â¡ğŸ—‘ï¸[shock]
Take [sword]<value> extra damage from each attack.|([sword]1 per each point of weaken inflicted.),Take [sword]<value> extra damage from each attack|[sword]1 each weaken
Limit break is less powerful.,ğŸŒŸğŸ‘
Cannot see remaining health.,â›”ğŸ‘€health
A random piece of equipment is poisoned. Reduce the|countdown to zero by the end of the turn[;] or take damage.,A random equipment is poison| ğŸ§®â›”0 the turnâ¡take damage
The next equipment will be used twice[;] but|cannot be used next turn.,The next equipment used used but|cannot used next turn
All equipment has a 50% chance to switch target.|Disappears once triggered.,All equipment has a 50% chance â†”â†™ï¸â†—|ğŸ–â¡â–[curse]
Restores [heart]<value> health at the start of your next turn.|([shield] disappears after healing.),â• [heart]<value> health at the start of your next turn
50% chance to avoid the next attack[;] lasts until|something triggers it.,50% chance next attackâ›”ğŸ¤•|ğŸ–â¡â–[dodge]
The next dice you use can be used again on this turn.,The next dice you use ğŸ”used on this turn
Block the next status effect.,the next status effectğŸ¤·
Locked dice need to be used in the order they are rolled[;]|before you can use any other dice.,[lock][dice]â—â®[dice]used
Cannot be killed by anything. Counter reduces by one on|each turn. If it reaches zero[;] you die.,â›”âš°|â–ğŸ§®each turn|ğŸ§®0â¡âš°
Restore all health when defeated[;] once.,âš°â¡â•all health|once
Counter reduces by one on each turn.|If it reaches zero[;] transform into a bear.,â–ğŸ§®each turn|If ğŸ§®0|ğŸ“¥ğŸ»ğŸ‘—
If defeated[;] reflect any excessive damage back at you.,damageâ¤´[heart]â¡ğŸ“¤ğŸ‘‰â¤´damage
(should not appear),
Duplicate dice are immediately destroyed.,[dice]ğŸ§¦â¡ğŸ—‘
Roll 2 dice[;] -5[heart],Roll 2 dice -5[heart]
Cures Poison,Cures poison
Inflict [shock][;] [fire][;] and [ice],Inflict [shock] [fire] and [ice]
Gain survive[;] lose [heart]6,lose [heart]6 Gain survive
A different rule change[;] chosen randomly.,â“ğŸ“œ
All enemy equipment is upgraded.,All enemy equipment â•
Both you and your enemies start each|fight with [fury]Fury[].,each fight you enemy ğŸ“¥ [fury]
Enemies can throw unused dice at you.,enemy ğŸ¤¾ unused dice
Enemies get 20% extra health.,enemy get [heart] â—5
You are [curse]Cursed[] at the start of|every turn.,you [curse] every turn
Enemies will [dodge]Dodge[] your first|attack every turn.,enemy will [dodge]Dodge your first attack every turn
Burning dice cost [heart]5[] hp to extinguish.,if burning diceğŸ§¯| cost [heart]5 hp
One of your dice is [ice]Frozen at the|start of every turn.,1[dice][ice] every turn
One of your dice is [fire]Burning at the|start of every turn.,1[dice][fire] every turn
On your first turn[;] all your dice rolls|are the same number.,first turn all dice rollsğŸ§¦
Enemies get 10% extra health.,enemy get health â—10
Enemies have a chance to go first.,enemyğŸª™â¡first turn
Everything in the dungeon looks like|a treasure chest.,every ğŸ°ğŸ‘€ğŸ§°
One of your dice is [blind]Blinded at the|start of every turn.,1[dice][blind] every turn
Poison is no longer reduced by 1|each turn.,poison â›” -1 each turn
Start with 2 extra dice. Lose 1 dice|every turn[;] until you have just 1 left.,first turn +2 dice|every turn â¤´2 diceâ¡-1 dice
If your CPU counter exceeds the|target[;] take [heart]5[] damage.,CPU â›”â¤µ ğŸ‰ â¡take [heart]5[] damage
The odds of [curse]Curse[] triggering is|reduced to 25%.,[curse]ğŸª™â–¶ğŸª™ğŸª™ğŸ™†
Instead of causing equipment to fail[;]|[curse]Curse[] reverses your target.,curse equipment â›”ğŸ˜|curse equipment â†”â†™ï¸â†—
Enemies start each fight with [fury]Fury[].,enemy gain [fury] first turn
All enemies get a Rock.,all enemy get ğŸª¨
Enemies always roll a 6.,enemy roll 1 six every turn
You need an even dice to unshock|[shock]Shocked[] equipment.,[shock] â—even dice
Status effects are different.,ğŸ”ğŸŒ status effects
After 4 turns[;] all enemies transform|into bears.,4 turn â¡ enemy ğŸ“¥ğŸ»ğŸ‘—
You will never roll a 6.,you â›” roll 6
Both you and your enemies do +[sword]1|extra damage with each attack.,you enemy do +[sword]1 extra damage with each attack
When you defeat an enemy[;] excessive|damage is reflected back at you.,damage â¤´ enemy [heart]â¡takeğŸ‘‰â¤´damage
Switch to [quote]Finders Keepers[quote] rules.,getğŸ‘€ğŸ“¥ğŸ“œ
All equipment you find is upgraded.,All equipment â•
Start each fight with [poison]2 poison.,first turn get [poison]2
No duplicates! Matching dice vanish|as soon as they are created.,â—â›”ğŸ§¦|roll ğŸ§¦[dice]â¡ğŸ—‘
Using any piece of equipment will|reroll a random dice.,use equipmentâ¡reroll a random dice
At the start of each turn[;] replace one|of your items with a random item.,each turn random item â–¶ random item
Shops can sell any item from the game.,ğŸ›’ğŸ§â€â™€ gain random item item item
Add two super enemies.,Add two ğŸ¦¸ enemy
Cannot see enemy health after|the first turn.,turn â¤´ 2â¡Cannot ğŸ‘€ enemy health
If you or your enemy rolls a six[;] it|automatically catches on fire.,you enemy rolls dice six â¡ this dice [fire]
Both you and your enemies start each|fight with [recycle]Re-Equip_Next[].,first turn you enemy gain [recycle]
Maximum health no longer increases|when you level up.,â•ğŸ’ªâ¡[heart]ğŸ“Šâ›”â¤´
Reduce scrap choices to two. The|second choice is hidden.,2â™» item|1ğŸ‘€1â›”ğŸ‘€
Swap all [fire]Fire equipment for [ice]Ice|equipment[;] and vice versa.,[fire] equipment â–¶ [ice]|[ice] equipment â–¶ [fire]
Enemies countdowns reduce at|double the normal rate.,enemy use countdownsâ¡subtract double dice value
You can't make more than six|moves per turn.,per turn â¤µ6 action
Any enemy can potentially be the|boss of the dungeon.,random enemy ğŸ°ğŸ‘‘
One spell slot contains a completely|random spell each turn.,One ğŸ“® random item each turn
Instead of causing damage[;] burning|dice disables equipment.,burning dice â›” damage|useâ¡equipmentğŸ¤·
Change [ice]Freeze to instead reduce|the value of all dice by 1.,[ice]â¡all dice value -1
When [poison]Poison deals damage[;] it also|inflicts [weaken]1 weaken.,[poison]deal damageâ¡inflict [weaken]1
Take [heart]2 damage at the start of each|turn[;] unless your limit break is full.,each turnğŸŒŸâ›”â¤´ğŸ“Šâ¡take [heart]2 damage
At the start of your turn[;] change the|dice requirements for a random item.,every turn random item ğŸ“® random value
Switch to [quote]You Choose[;] You Lose[quote]|rules.,get â†™ï¸ğŸ‘†â†™â˜¹ğŸ“œ
The next equipment you use will swap target.,The next equipment you use â†”â†™ï¸â†—
Take no damage until the end of this turn.,â›”damage this turn
50% chance to use the next equipment twice[;]|lasts until something triggers it.,50% chance to use use next equipment|use â¡ subtract [haunted]
(text should not appear - workaround for Polarity Flip + Pandemonium combination),
You start each turn with [fury]Fury[;] but|it only works 50% of the time.,each turn get [fury]|50% chance â›” use
Enemies get 50% extra health.,enemies add [heart]â—2
All status effects are doubled.,all statusâœ–2
Do [shock]<d6> damage[;]|on 6[;] randomise gadget,do [shock]<d6> damage|on 6| get random ğŸ›ï¸
Swap the next target,â†”â†™ï¸â†—next item
Enemy becomes another|enemy of the same level,enemyâ–¶enemy ğŸ§¦ ğŸ’ª
Both fighters lose a|dice next turn,you enemy lose dice next turn
Destroy all equipment[;]|Do [sword]4 for each destroyed,ğŸ—‘all equipment|do [sword]4 every ğŸ—‘
Destroy all equipment[;]|Do [sword]3 for each destroyed,ğŸ—‘all equipment|do [sword]3 every ğŸ—‘
Do damage equal to|twice the difference,do double value subtract value damage
Do damage equal to|triple the difference,deal triple value subtract value damage
Do absolutely nothing,ğŸ˜ğŸ˜
Do [sword]<d6> damage[;]|more if weakened...,Do [sword]<d6> damage|if item subtract|deal damage damageğŸ¤”
Do [sword]<d6> damage[;]|even more if weakened...,Do [sword]<d6> damage|if item subtract|deal damage damage damageğŸ¤”
Inflict [weaken]1 weaken to|both fighters,Inflict [weaken]1 weaken you enemy
Inflict [weaken]2 weaken to|both fighters,Inflict [weaken]2 weaken you enemy
Do [sword]<d6> damage[;]|errors if not used first,Do [sword]<d6> damage|âš ï¸ if â›” used first
Do [sword]<d6> damage[;] lock|player dice that roll <d6>,Do [sword]<d6> damage|lock you dice that roll <d6>
Throw all remaining|dice at once,Throw all unused dice
Flip a dice on its side,[dice]ğŸ”„â†˜ï¸ğŸ“
Flip a dice on its side|[gray](Reuseable),[dice]ğŸ”„â†˜ï¸ğŸ“|
Do [sword]10 damage if|your limit is charged,if ğŸŒŸâ¤´ğŸŒŸğŸ“Š|do [sword]10 damage
Do [sword]5 damage if|your limit is charged,if ğŸŒŸâ¤´ğŸŒŸğŸ“Š|do [sword]5 damage
Block all self-inflicted|damage on this turn,if you deal damage you this turn|â›”damage
Do [sword]1 damage[;] and|heal completely,Do [sword]1 damage|[heart]â–¶[heart]ğŸ“Š
Do [sword]3 damage[;] and|heal completely,Do [sword]3 damage|[heart]â–¶[heart]ğŸ“Š
Heal completely,[heart]â–¶[heart]ğŸ“Š
Do [sword]1 damage|(When created: Do [sword]3),Do [sword]1 damage|if you get this item|do [sword]3
Do [sword]1 damage|(When created: Do [sword]4),Do [sword]1 damage|if you get this item|do [sword]4
Randomize enemy,enemyâ–¶random enemy
Do [sword]<value> extra damage with each attack this turn.,each attack this turn deal â•[sword]<value> damage
Next turn[;] gain +1 dice this|fight[;] and curse yourself,Next turn gain +1 dice this fight gain curse
Do [sword]<d6> damage[;] get|new dice (value -1),Do [sword]<d6> damage|get new dice value -1
Do [sword]1 damage[;] get|new dice (value +1),Do [sword]1 damage|get new dice value +1
Do [sword]1 damage[;] reroll dice|(Cost [mana]1[]: return two dice)|[gray](Reuseable),Do [sword]1 damage reroll dice|(Cost [mana]1[]: return two dice)|
Do [sword]2 damage for each|dice used on this ([sword]<evar:dicecount>),Do [sword]2 damage for each|dice used this item|this damage[sword]<evar:dicecount>
Do [sword]1 damage for each|dice used on this ([sword]<evar:dicecount>),Do [sword]1 damage for each|dice used this item|this damage[sword]<evar:dicecount>